# frame,sign,llx,lly,lrx,lry,ulx,uly,urx,ury
1.000000000000000000e+00,1.400000000000000000e+01,1.459000000000000000e+03,3.120000000000000000e+02,1.482000000000000000e+03,3.400000000000000000e+02,1.469000000000000000e+03,3.780000000000000000e+02,1.492000000000000000e+03,4.060000000000000000e+02
2.000000000000000000e+00,1.400000000000000000e+01,1.551000000000000000e+03,3.110000000000000000e+02,1.575000000000000000e+03,3.430000000000000000e+02,1.561000000000000000e+03,3.850000000000000000e+02,1.585000000000000000e+03,4.170000000000000000e+02
